노화도 설계하는 시대가 온다 : AI와 바이오 혁명이 바꾸는 노화의 미래,"박상철,권순용,강시철 지음"
소풍을 빌려드립니다 : 복합문화공간 : 문하연 장편소설,지은이: 문하연
"음식은 넘쳐나고, 인간은 배고프다 : 바츨라프 스밀의 세계를 먹여 살리는 법",지은이: 바츨라프 스밀 ;옮긴이: 이한음
다정함이 인격이다 : 임상심리전문가 김선희가 전하는 다정함의 심리학,김선희 지음
언젠가 모든 것은 바다로 떨어진다 : 세라 핀스커 소설집,지은이: 세라 핀스커 ;옮긴이: 정서현
경이로운 한국인,장클로드 드크레센조 지음 ;이소영 옮김
"꽃을 공부합니다 : 가드너의 꽃, 문화, 그리고 과학 이야기",지은이: 박원순
AI를 압도하는 내면 경쟁력 : 나의 가능성을 발견하는 7가지 인간다움의 힘,이헌주 지음
AI 시대 창의적 인간 : 인간은 어떻게 인공지능과 공존할 것인가,이시한 지음
대화를 한다는 것,피에르 쌍소 지음 ;이진희 옮김
단역배우 김순효 씨 : 이수정 장편소설,지은이: 이수정
감상의 심리학 : 예술 작품을 볼 때 머릿속에서는 무슨일이 벌어질까?,오성주 지음
나는 언제나 늙기를 기다려왔다,안드레아 칼라일 지음 ;양소하 옮김
100가지 물건으로 보는 우주의 역사 : NASA 과학자가 선정한 인류의 지혜로운 도구들,지은이: 스텐 오덴발드 ;옮긴이: 홍주연
"기울어진 문해력 : 끊어진 대화의 시대, 텍스트와 세상을 새롭게 읽는 법",조병영 지음
스테로이드 인류 : 기적과 죽음의 연대기,백승만 지음
"철학으로 돌파하라 : 변화의 시대, 불안을 기대로 바꿔줄 43가지 지혜의 도구",안광복 지음
균형 잡힌 뇌 : 인공지능 시대가 버거운 당신에게,권택영 지음
데드 스페이스,칼리 월리스 ;옮긴이: 유혜인
시간의 지배자 : 사피엔스를 지구의 정복자로 만든 예지의 과학,"토머스 서든도프,조너선 레드쇼,애덤 벌리 지음 ;조은영 옮김"
살아갈 날들을 위한 괴테의 시,지은이: 김종원 ;일러스트: 황예나
(빼앗긴 집중력을 되찾고 당신의 뇌를 최적화할) 깊은 생각의 비밀,"김태훈,이윤형 지음"
"인간 문명의 네 가지 법칙 : 에너지, 혁신, 협력, 진화가 역사의 방향을 결정한다",마이클 무투크리슈나 지음; 박한선 옮김
숨 쉬는 것들은 어떻게든 진화한다 : 변화 가득한 오늘을 살아내는 자연 생태의 힘,마들렌 치게 지음 ;배명자 옮김
"왜 읽고 쓰고 걸어야 하는가 : 비고츠키, 진화학, 뇌과학, 마을교육공동체의 만남",김태정 지음
초연결 학교 : 세상을 품은 학교의 시대가 온다,함돈균 지음
상상하는 공학 진화하는 인간 : KAIST 기계공학과 교수들이 들려주는 첨단 기술의 오늘과 내일,KAIST 기계공학과 지음
텔로미어,박성신
"코끼리는 암에 걸리지 않는다 : 삶의 한계에 도전하는 동물들, 그 경이로움에 관하여",데이비드 B. 아구스 지음 ;허성심 옮김
나의 작은 나라 : 가엘 파유 장편소설,지은이: 가엘 파유 ;옮긴이: 김희진
"(교양인이 알아야 할) 음식의 역사 : 인류는 무엇을 어떻게 먹어왔을까, 그리고 미래에도 그렇게 먹을 수 있을까",자크 아탈리 지음 ;권지현 옮김
개미 오디세이 : 운명을 짊어진 개미의 여정,"오드레 뒤쉬투르,앙투안 비스트라크 지음 ;홍지인 옮김"
"제대로 연습하는 법 : 어학부터 스포츠까지, 인지심리학이 제시하는 배움의 기술",아투로 E. 허낸데즈 지음 ;방진이 옮김
빛이 이끄는 곳으로 : 백희성 장편소설,지은이: 백희성
지명발견록 : 우리 땅 이름의 숨겨진 이야기,이경교 지음
"침묵을 배우는 시간 : 말이 넘쳐나는 세상 속, 더욱 빛을 발하는 침묵의 품격",코르넬리아 토프 지음 ;장혜경 옮김
가위는 왜 가위처럼 생겼을까,"다나카 미유키,유키 치요코 지음 ;오쓰카 아야카 그림 ;이효진 옮김"
기술은 세상을 어떻게 바꾸는가 : 최초의 질문에서 패러다임이 되기까지,이정동 지음
오렌지와 빵칼 : 청예 장편소설,지은이: 청예
생각의 기술 : 바로 써먹는 논리학 사용법,코디정 지음
나에게 진실이라는 거짓을 맹세해,헬레네 플루드 지음 ;권도희 옮김
완벽이라는 중독 : 불안한 완벽주의자를 위한 심리학,토머스 커런 지음 ;김문주 옮김
일생에 한번은 헌법을 읽어라 : 흔들릴 때마다 삶의 중심을 잡아주는 기준에 관하여,이효원 지음
위대한 관찰 : 곤충학자이길 거부했던 자연주의자 장 앙리 파브르의 말과 삶,조르주 빅토르 르그로 지음 ; 김숲 옮김
내가 누구인지 아는 것이 왜 중요한가 : 그간 외면해온 외로운 나에게 인생을 묻다,페터 베르 지음 ;장혜경 옮김
"가난한 아이들은 어떻게 어른이 되는가 : 빈곤과 청소년, 10년의 기록",강지나 지음
뭉크의 별이 빛나는 밤 : 고독 속 절규마저 빛나는 순간,이미경 지음
고층 입원실의 갱스터 할머니,지은이: 양유진
세상에서 가장 긴 행복 탐구 보고서 : '행복의 조건'을 찾는 하버드의 연구는 지금도 계속된다,"로버트 월딩거,마크 슐츠 지음 ;박선령 옮김"
남겨진 것들의 기록 : 유품정리사가 써내려간 떠난 이들의 뒷모습,"김새별,전애원 지음"
(쇼펜하우어의) 고독한 행복,아르투어 쇼펜하우어 지음 ;우르줄라 미헬스 벤츠 엮음 ;홍성광 옮김
"외로움의 습격 : 모두, 홀로 남겨질 것이다",김만권 지음
공감사회를 위한 담론들,강황선 지음
쓸데없는 걱정으로 준비된 체력이 소진되었습니다 : 쉽게 불안해하는 당신을 위한 걱정 끊기의 기술,이광민 지음
윈터 씨의 해빙기 : 슈테판 쿨만 장편소설,지은이: 슈테판 쿨만 ;옮긴이: 양혜영
이렇게 누워만 있어도 괜찮을까 : 오늘도 고립의 시간을 살아가는 여성 청년들,안예슬 지음
재뉴어리의 푸른 문 : 앨릭스 E. 해로우 장편소설,지은이: 앨릭스 E. 해로우 ; 옮긴이: 노진선
"AGI 시대와 인간의 미래 : 챗GPT 이후의 삶, 일자리 그리고 교육",맹성현 지음
쓰게 될 것 : 최진영 소설집,최진영
(조용하고 끈질기게 살아남은) 잡초들의 전략,이나가키 히데히로 지음 ;이정환 옮김
"살아있니, 황금두더지 : 사라져 가는 존재에 대한 기억",캐서린 런델 글 ;탈야 볼드윈 그림 ;조은영 옮김
자화상 내 마음을 그리다,김선현 지음
나답게 산다는 것 : 나를 찾고자 하는 이들의 철학수업,박은미 지음
친애하는 슐츠 씨 : 오래된 편견을 넘어선 사람들,박상현 지음
한 사람의 노래가 온 거리에 노래를 : 창비시선 500 특별시선집,"신경림,강성은,고형렬,곽재구,김경미,김경후,김기택,김남주,김명수,김사인,김선우,김수영,김승희,김언희,김용택,김정환,김중일,김태정,김해자,김현,나희덕,도종환,문태준,민영,박성우,박소란,박철,박형준,박흥식,백무산,손택수,송경동,신동엽,신미나,신용목,심재휘,안도현,안미옥,안현미,안희연,양애경,엄원태,유병록,유이우,이근화,이동순,이병률,이상국,이성부,이시영,이영광,이장욱,이정록,이정훈,이제니,장석남,전동균,전욱진,정호승,정희성,조말선,조연호,조온윤,조태일,주하림,진은영,천양희,최영숙,최정례,최지인,허수경,황유원,황인찬 지음"
해파리의 시간은 거꾸로 간다 : 세월의 무게를 덜어 주는 경이로운 노화 과학,니클라스 브렌보르 지음 ;배동근 옮김
"전시디자인, 미술의 발견 : 작품은 어떻게 스토리가 되는가",지은이: 김용주
출근길 심리학 : 단단하고 유연한 멘탈을 위한 33가지 마음의 법칙,반유화 지음
물질의 세계 : 6가지 물질이 그려내는 인류 문명의 대서사시,에드 콘웨이 지음 ;이종인 옮김
"유튜브 백과 : 세계의 연결자, 최고의 미디어가 된 빅테크 플랫폼",김남훈 지음
각본 없음 : 삶의 다음 페이지로 넘어가기 위해 쓴 것들,아비 모건 지음 ;이유림 옮김
"뉴럴 링크 : 21세기를 이끄는 거대한 연결, 뇌-컴퓨터 인터페이스",임창환 지음
"다크투어, 내 여행의 이름 : 타인의 고통이, 떠나는 이유가 될 수도 있다",양재화 지음
우리나라 탐조지 100,"김성현,최순규 지음"
미국이 만든 가난 : 가장 부유한 국가에 존재하는 빈곤의 진실,매슈 데즈먼드 지음 ;성원 옮김 ;조문영 해제
경성 맛집 산책,박현수 지음
지리학자의 열대 인문여행 : 야만과 지상낙원이라는 편견에 갇힌 열대의 진짜 모습을 만나다,이영민 지음
노숙 인생,지은이: 실뱅 테송 ;옮긴이: 백선희
프랑스의 음식문화사 : 프랑스 음식은 어떻게 세계 최고가 되었나,마리안 테벤 지음 ;전경훈 옮김
우리가 우주에 가야 하는 이유,폴윤 지음
인류의 여정 : 부와 불평등의 기원 그리고 우리의 미래,오데드 갤로어 지음 ;장경덕 옮김
도시의 맛 : 인문학이 살아있는 도시여행 큐레이션,정희섭 지음
"이토록 우아한 제로 웨이스트 여행 : 1년 반, 12,500km 유라시아 자전거 유람기",신혜정 지음
나의 문학 답사 일지 : 배움을 찾아 떠난 국문학자의 여행,정병설 지음
"80억 인류, 가보지 않은 미래 : 한중일 고령화, 서구의 극단주의, 신흥국의 인구폭발까지 세계정세의 대전환을 꿰뚫는 인구통계학의 통찰",제니퍼 D. 스쿠바 지음 ;김병순 옮김
좋은 엄마 학교,제서민 챈 지음 ;정해영 옮김
혼자가 좋지만 고독사는 걱정입니다 : 누구에게도 의존하지 않고 존엄하게 떠나는 법,몬가 미오코 지음 ;구수진 옮김
우세한 책들 : 우리가 사는 세상을 위한 책 읽기,장윤미 지음
무질서와 질서 사이에서 : 한 복잡계 물리학자의 이야기,조르조 파리시 ;옮긴이: 김현주
공룡의 이동 경로 : 김화진 소설,김화진
과학에서 인문학을 만나다 : 챗GPT의 시대 인문학에서 답을 찾다,"김유항,황진명 지음"
출근하는 책들 : 읽는 삶은 일하는 삶을 어떻게 구하나,구채은
세상은 이야기로 만들어졌다 : 신화·거짓말·유토피아,"자미라 엘 우아실,프리데만 카릭 지음 ;김현정 옮김"
(일하는 당신을 위한) 최고의 수면법 : 아침이 두렵지 않은 직장인의 꿀잠 루틴,스미야 료 지음 ;이효진 옮김
88번 버스의 기적,프레야 샘슨 지음 ; 윤선미 옮김
조선이 만난 아인슈타인 : 100년 전 우리 조상들의 과학 탐사기,민태기 지음
시대예보,송길영 지음
불타는 작품 : 윤고은 장편소설,윤고은
"2024 AI 트렌드 : 한발 더 빠르게, 누구보다 깊이 있게 AI로 송두리째 바뀔 세상을 포착하다","딥앤와이랩스,류성일,이규남,황동건,이영표,조현서,박준상,홍준의 지음"
수상한 단어들의 지도 : 꼬리에 꼬리를 무는 어원의 지적 여정,데버라 워런 지음 ;홍한결 옮김
처음 읽는 서양 미술사 : 한 장씩 읽고 그리는 서양 미술 히스토리,이케가미 히데히로 지음 ;박현지 옮김
삶을 향한 완벽한 몰입 : 무의미한 것들로부터 나를 지키는 8가지 다짐,조슈아 베커 ;옮긴이: 이현주
알아차림에 대한 알아차림,루퍼트 스파이라 지음 ;김주환 옮김
플레이밍 사회 : 캔슬 컬처에서 해시태그 운동까지 그들은 왜 불타오르는가,이토 마사아키 지음 ;유태선 옮김
연수 : 장류진 소설집,장류진
"베르베르 씨, 오늘은 뭘 쓰세요?",베르나르 베르베르 지음 ;전미연 옮김
운동의 진실과 기쁨,강윤규 지음
지금 우리가 바꾼다 : 독일 에코 힙스터의 16가지 생태적 일상 제안,"일로나 코글린,마렉 로데 지음 ;하리타 옮김"
모든 꽃이 봄에 피지는 않는다,이다지
고기는 절반만 먹겠습니다,브라이언 케이트먼 지음 ;김광수 옮김
서평가의 독서법 : 분열과 고립의 시대의 책읽기,미치코 가쿠타니 지음 ;김영선 옮김
이토록 클래식이 끌리는 순간 : 대한민국 클래식 입문자 & 애호가들이 가장 사랑한 불멸의 명곡 28,최지환 지음
여행자와 달빛,세르브 언털
기계 살림 : 사이보그로 살아남는 법,전범선 지음
인생 박물관 : 김동식 소설,지은이: 김동식
사계절 기억책 : 자연의 다정한 목격자 최원형의 사라지는 사계에 대한 기록,최원형 글·그림
지도로 보는 인류의 흑역사 : 세상에서 가장 불가사의하고 매혹적인 폐허 40,트래비스 엘버러 지음 ; 성소희 옮김
엣지 : 한 끗의 차이를 만드는 내 안의 힘,로라 후앙 지음 ;이윤진 옮김
"뜻밖의 것의 단순한 아름다움 : 어느 물리학자의 낚시, 생명, 우주에 관한 명상록",마르셀로 글레이서 지음 ;노태복 옮김
우리는 미래를 가져다 쓰고 있다 : 가장 낙관적인 미래를 위해 지금 우리가 해야 할 것,지은이: 윌리엄 맥어스킬 ;옮긴이: 이영래
미래과거시제 : 배명훈 소설,지은이: 배명훈
아쿠아리움이 문을 닫으면 : 셸비 반 펠트 장편소설,지은이: 셸비 반 펠트 ;옮긴이: 신솔잎
"연어의 시간 : 길 잃은 물고기와 지구, 인간에 관하여",지은이: 마크 쿨란스키 ;옮긴이: 안기순
모자의 나라 조선 : 그 많던 조선의 모자는 왜 그렇게 빨리 사라졌을까?,이승우 지음
기후를 위한 경제학 : 지구 한계 안에서 좋은 삶을 모색하는 생태경제학 입문,김병권 지음
도둑맞은 뇌 : 뇌과학이 발견한 기억의 7가지 오류,대니얼 샥터 지음 ;홍보람 옮김
(한 권으로 읽는) 미생물 세계사,이시 히로유키 지음 ;서수지 옮김
외로움 수업 : 온전한 나와 마주하는 시간에 대하여,김민식 지음
초원서점 믹스테잎 : 종이에 녹음한 스물일곱 곡,초사장
어른 이후의 어른 : 더 나은 사람이 되기 위한 우리들의 대화,모야 사너 지음 ;서제인 옮김
취미는 식물 : social plants·club™,권지연 ;사진: 최재원
시어머니 유품정리,가키야 미우 지음 ;강성욱 옮김
(몸의 감각을 깨우고 온전히 나를 되찾는) 걷는 존재,애나벨 스트리츠 지음 ;이유림 옮김
"오십, 인생의 재발견",구자복 지음
사이보그 가족의 밭농사,황승희 지음
"인생, 예술",윤혜정
철학자와 달리기 : 중년의 철학자가 달리면서 깨달은 인생의 지혜와 성찰,마크 롤랜즈 지음 ;강수희 옮김
우리가 잠들지 못하는 11가지 이유,에이다 칼훈 지음 ;노진선 옮김
마흔의 품격 : 40부터는 무엇이 나를 살아남게 하는가,김철영 지음
해내려는 마음은 늙지 않는다 : 지독한 열정주의자의 유쾌한 중년 처방,김원곤 지음
환경사란 무엇인가?,도널드 휴즈
과학이 필요한 시간 : 빅뱅에서 다중우주로 가는 초광속·초밀착 길 안내서,궤도 지음
말의 트렌드 : 텐션과 사랑이 넘치는 요즘 말 탐구서,정유라
(마음을 치료하는 당신만의) 물망초 식당,청예
리빙스턴 씨의 달빛서점 ,모니카 구티에레스 아르테로
이상한 나라의 모자장수는 왜 미쳤을까 : 현대 의학으로 다시 읽는 세기의 고전,유수연 지음
"다시, 어떻게 읽을 것인가",나오미 배런 지음 ;  전병근 옮김
AI 지도책 : 세계의 부와 권력을 재편하는 인공지능의 실체 ,케이트 크로퍼드 지음 ; 노승영 옮김
과일 길들이기의 역사,베른트 브루너 지음 ; 박경리 옮김
아주 오랜만에 행복하다는 느낌 : 백수린 에세이,백수린
세 형제의 숲,알렉스 슐만 지음 ; 송섬별 옮김
지리학이 중요하다,알렉산더 머피 ; 김이재 옮김
할 말 많은 미술관,정시몬
휴먼 프런티어 : 초연결시대에 생각해보는 거대한 아이디어의 미래,마이클 바스카 지음 ; 전리오 옮김
탈서울 지망생입니다,김미향
생명의 태피스트리 : 생명을 구하는 자연계의 비밀,안네 스베르드루프-튀게손 지음 ; 조은영 옮김
봄은 언제나 찾아온다 : 노르망디에서 데이비드 호크니로부터,"데이비드 호크니, 마틴 게이퍼드 지음 ; 주은정 옮김"
"안녕을 위하여 : 나의 안녕, 너의 안녕, 우리의 안녕을 위한 영화와 책 읽기",이승연 지음
언제 올지 모를 희망 말고 지금 행복했으면,송정림
나에게 오늘을 선물합니다,김나위
지구를 살리는 옷장 : 지속가능한 패션을 위한 고민 ,박진영 ; 신하나 지음 
고립의 시대 : 초연결 세계에 격리된 우리들,노리나 허츠
나는 불안할 때 논어를 읽는다,판덩 지음 ; 이서연 옮김
그럴수록 우리에겐 친구가 필요하다,이름트라우트 타르
나로서 충분히 괜찮은 사람,김재식
가족 공부,최광현
위로의 미술관,진병관
마음은 괜찮냐고 시가 물었다 : 시 읽어주는 정신과 의사가 건네는 한 편의 위로,황인환
소년은 어떻게 과학자가 되었나,오구리 히로시 지음 ;고선윤 옮김
코끝의 언어  : 우리 삶에 스며든 51가지 냄새 이야기,주드 스튜어트 지음 ; 김은영 옮김
도시로 보는 동남아시아사,"강희정, 김종호, 신윤환, 이한우, 정정훈, 현시내  "
여덟 건의 완벽한 살인,피터 스완슨
Z의 스마트폰,박준영
은하환담,"곽재식, 김설아, 김성일, 이경희, 소렐, 송경아, 이한, 문녹주, 전혜진"
화성 탐사선을 탄 걸리버,곽재식
8초 인류,리사 이오띠
숨을 참다 : 코로나 시대 우리 일,"김종진, 박내현, 박점규, 박혜리, 변정윤, 송경동, 시야, 연정, 이다혜, 이병희, 정슬"
"나는, 휴먼 ","주디스 휴먼, 크리스틴 조이너 "
잠자는 추억들 : 파트릭 모디아노 소설 ,파트릭 모디아노
"가구, 집을 갖추다",김지수
마음챙김 미술관 ,김소울
경이로운 수 이야기 ,알브레히트 보이텔슈파허
낯선 삼일운동 ,정병욱
유령의 마음으로,임선우
요즘 애들,앤 헬렌 피터슨 
나를 힘들게 한 건 언제나 나였다,데일 카네기 
내가 원하는 것을 나도 모를 때,전승환
불안해 보여서 불안한 당신에게,한창욱
꾸역꾸역이 뭐 어때서!,윤진오
결국 Z세대가 세상을 지배한다,김용섭
제트코노미,"제이슨 도시, 더니스 빌라"
청년 도배사 이야기 ,배윤슬
삶은 속도가 아니라 방향이다,"수영, 전성민"
바람이 강하게 불고 있다,미우라 시온
밀레니얼은 어떻게 배우고 일하며 성장하는가,이상준
풍덩!,우지현
과일로 읽는 세계사,윤덕노
현대 한국어로 철학하기 : 철학의 개념과 번역어를 살피다,"신우승, 김은정, 이승택"
화려한 화학의 시대 ,프랭크 A. 폰 히펠
(식물 심고 그림책 읽으며) 아이들과 열두 달,이태용
보이지 않는 것에 의미가 있다 : 영화가 묻고 심리학이 답하다,김혜남
헌책방 기담수집가,윤성근
취향의 경제,유승호
잔류 인구,엘리자베스 문
리얼 월드 러닝  : 학교와 세상을 연결하는 진짜 배움 ,김하늬
조선의 위기 대응 노트,김준태
보라선 열차와 사라진 아이들,디파 아나파라
법정에서 못다 한 이야기,박형남
다크 데이터,데이비드 핸드
카이사르의 마지막 숨,샘 킨
예민한 사람을 위한 좋은 심리 습관,캐린 홀
플라멩코 추는 남자,허태연
코로나 시대의 역발상 트렌드 ,"민병운, 정휘관, 진대연, 유주리, 장차오 "
남극에서 대한민국까지 : 코로나19로 남극해 고립된 알바트로스 호 탈출기,김태훈
나는 미술관에 간다,김영애
잠시 멈춘 세계 앞에서,이영석
"우리, 이토록 작은 존재들을 위하여",사샤 세이건
코로나 이후의 교육을 말하다,"김용, 곽덕주, 김민성, 이승은"
코로나 이후 생존 도시 ,홍윤철 
감염병 인류,"박한선, 구형찬"
루시의 발자국,"후안 호세 미야스, 후안 루이스 아르수아가"
지속가능한 여행을 하고 있습니다,홀리 터펜 
넥스트 그린 레볼루션, 조원경
있지만 없는 아이들,은유
숲속의 자본주의자,박혜윤
(내 안의 잠든 사유를 깨우는) 아티스트 인사이트 ,정인호
허수아비 일기,싼마오
하란사,권비영
숲은 고요하지 않다,마들렌 치게 
시시콜콜한 조선의 일기들,박영서
경험의 함정,"로빈 M. 호가스, 엠레 소이야르"
불편한 편의점,김호연
메트로폴리스  ,벤 윌슨
보이지 않는 것들 ,로이 야콥센 
보이지 않는 침입자들의 세계 ,신의철
디자인은 어떻게 세상을 만들어가는가,스콧 버쿤
우리가 날씨다,조너선 사프란 포어 
"나는 풍요로웠고, 지구는 달라졌다",호프 자런
쓰레기에 관한 모든 것,"피에로 마르틴, 알레산드라 비올라"
착한 소비는 없다,최원형
두 번째 지구는 없다,타일러 라쉬
지구별 생태사상가,황대권 외
이규보의 화원을 거닐다,홍희창
생명을 보는 마음,김성호
(인류를 식량 위기에서 구할) 음식의 모험가들,아만다 리틀
동물을 위해 책을 읽습니다,김보경
더 월,존 란체스터
스노볼 드라이브,조예은
균형이라는 삶의 기술 : 어떻게 인생의 중심을 지킬 것인가,이진우 지음
누가 내 이름을 이렇게 지었어? : 좀벌레부터 범고래까지 우리가 몰랐던 야생의 뒷이야기,오스카르 아란다
뉴노멀 교양수업,"필리프 비옹뒤리, 레미 노용"
노라와 모라,김선재
실험실의 진화 : 연금술에서 시민과학까지,홍성욱 지음;  박한나 그림
습관의 디테일 : 위대한 변화를 만드는 사소한 행동 설계,BJ 포그
인크루서파이 : 통합의 기술 ,스테파니 K. 존슨
당신에게 일시 정지를 권유합니다,김종관
"건축, 근대소설을 거닐다",김소연
엘리트 세습,대니얼 마코비츠
백년식사,주영하
"국보, 역사의 명장면을 담다",배한철
"철학자의 음악서재, C#", 최대환
최고의 수학자가 사랑한 문제들,이언 스튜어트
음식에도 마스크를 씌워야 하나요,임선영
열다섯 마리 개,앙드레 알렉시스
걸작과 졸작 사이,김이산
"지금 여기, 무탈한가요?",오찬호 
우주를 만지다 : 삶이 물리학을 만나는 순간들,권재술
"실례지만, 이 책이 시급합니다",이수은
스노볼,박소영
상상이 현실이 되는 순간 : 시대를 앞서간 SF가 만든 과학 이야기,조엘 레비
목소리를 삼킨 아이,파리누쉬 사니이
컨셔스 : 내 인생을 바꾸는 힘,문성림 지음
오늘도 이상한 사람 때문에 힘들었습니다,정희정
데이터 프라이버시,니혼게이자이신문 데이터경제 취재반
세계를 정복한 식물들,스티븐 해리스 지음; 장진영 옮김
"수학으로 생각하는 힘 : 일상의 모든 순간, 수학은 어떻게 최선의 선택을 돕는가 ",키트 예이츠 지음 
천개의 파랑,천선란
시간이 멈춘 방,고지마 미유
차의 시간을 걷다,"김세리, 조미라 "
"(1일 1페이지, 세상에서 가장 짧은) 교양 수업 365.인물편 ","데이비드 S. 키더, 노아 D. 오펜하임"
머지않아 이별입니다,나가쓰키 아마네
(알아두면 쓸모있는 신박한) 조직생활 가이드 ,전충렬
우유보다 뇌과학,"만프레드 슈피처, 노르베르트 헤르슈코비츠"
마음의 오류들 ,에릭 캔델
"한 공기의 사랑, 아낌의 인문학", 강신주
소르본 철학 수업,전진
오늘도 흔들리는 중입니다,이재영
경제학자의 인문학 서재 ,박정호
운명의 과학,한나 크리츨로우
당신의 4분 33초,이서수 
(하버드 시대의 종말과) 학습 혁명,오강선
한국/정원/기행 ,김종길
그림 속 천문학,김선지
디어 에드워드,앤 나폴리타노 
소설처럼 아름다운 클래식 이야기 , 이채훈
콘텐츠가 전부다,"노가영, 조형석, 김정현"
어두운 숲 ,니콜 크라우스
작은 동네,손보미
사람은 어떻게 생각하고 배우고 기억하는가,제레드 쿠니 호바스
있어빌리티 교양수업 : 생활 속의 물리학,제임스 리스
"코로나시대, 식품 미신과 과학의 투쟁 : 미신으로 먹었다 과학으로 먹어라 ",에런 캐럴 
5년 후 나는 어디에 있을 것인가,이용덕
모두 너와 이야기하고 싶어 해,은모든
카구야 프로젝트,원샨
나의 다정하고 무례한 엄마 : 엄마가 준 상처로부터 따뜻하게 나를 일으키는 감정 수업,이남옥 
인스타 브레인 ,안데르스 한센 
시간전쟁,로라 밴더캠
천년의 수업,김 헌
전지적 불평등 시점,명로진
내가 정말 알아야 할 수학은 초등학교에서 모두 배웠다 ,최수일
세계사를 바꾼 전염병 13가지,제니퍼 라이트
거의 떠나온 상태에서 떠나오기,데이비드 포스터
의자의 배신,바이바 크레건리드
숫자가 만만해지는 책 : 한 번 배우고 평생 써먹는 숫자 감각 기르기,브라이언 W. 커니핸
도서관을 떠나는 책들을 위하여,오수완
공간을 말하다,이상호
다빈치가 자전거를 처음 만들었을까,페터 쾰러
미술관에 간 물리학자,서민아
언컨택트 : 더 많은 연결을 위한 새로운 시대 진화 코드,김용섭
불과 나의 자서전,김혜진
배움의 발견,타라 웨스트오버
질병이 바꾼 세계의 역사,로날트 D. 게르슈테
인스타그램에는 절망이 없다,정지우
슬픔의 위로,메건 더바인
십대들의 중독,김미숙
128호실의 원고,카티 보니당
떨리는 손,"김창규, 이명현, 이은희, 이종필, 정경숙 지음  "
실은 나도 식물이 알고 싶었어,안드레아스 바를라게 지음 ; 류동수 옮김
나는 열등한 나를 사랑한다 ,최원호 
탈세의 세계사,오무라 오지로 지음 ; 진효미 옮김
보이는 경제학 안 보이는 경제학,헨리 해즐릿 지음 ; 김동균 옮김
만년의 집,강상중 지음 ; 조수경 옮김
세대 공존의 기술,허두영
곽재식의 세균박람회,곽재식
호모 코쿠엔스의 음식 이야기,제니 린포드
엄마의 죽음은 처음이니까,권혁란
르몽드 비판 경제학 ,르몽드 디플로마티크 기획
바디,빌 브라이슨
나무다시보기를 권함,페터 볼레벤 지음 ; 강영옥 옮김 
약한 게 아니라 아팠던 것이다 : 무례한 세상에 지지 않는 심리학 법칙,권순재
클락댄스,앤 타일러
물이 깊은 바다,지은이: 파비오 제노베시 ; 옮긴이: 최정윤  
성공의 음악들,박성건
나는 슈뢰딩거의 고양이로소이다 ,원종우
"닥터 셰퍼드, 죽은 자들의 의사",리처드 셰퍼드
매너의 문화사,"아리 투루넨, 마르쿠스 파르타넨"
세상을 바꾼 기술 기술을 만든 사회,김명진
21세기 화폐전쟁,노르베르트 헤링
어웨이크,피터 홀린스 지음
감정은 패턴이다,랜디타란
핀란드 사람들은 왜 중고가게에 갈까,박현선
조선 직장인 열전,신동욱
감정 폭력 : 세상에서 가장 과소평가되는 폭력 이야기,베르너 바르텐스
방관시대의 사람들,류전윈
선량한 차별주의자,김지혜
"일상, 과학다반사",심혜진
애쓰다 지친 나를 위해,서덕
불행은 어떻게 질병으로 이어지는가,네이딘 버크 해리스
(미술관보다 풍부한) 러시아 그림 이야기,김희은
한나 아렌트,알로이스 프린츠 지음 ; 김경연 옮김
약국에 없는 약 이야기 : 가짜 약부터 신종 마약까지 세상을 홀린 수상한 약들,박성규
도공 서란,손정미
포노사피엔스,최재붕
인형의 시간들,김진경 지음
보라색 히비스커스,치마만다 응고지 아디치에
체육관으로 간 뇌과학자,웬디 스즈키
오전을 사는 이에게 오후도 미래다,이국환
산책자의 인문학,문갑식
세상은 온통 화학이야,마이 티 응우옌
"빌트, 우리가 지어 올린 모든 것들의 과학","로마 아그라왈 지음 ; 윤신영, 우아영 옮김"
내가 하늘에서 떨어졌을 때,율리아네 쾨프케
법에도 심장이 있다면,박영화
"최악의 여성, 최초의 여성, 최고의 여성",나탈리 코프만
진짜 그런 책은 없는데요 : 또다시 찾아온 더 엉뚱한 손님들,젠 캠벨 지음 ; 더 브러더스 매클라우드 그림 ; 노지양 옮김
어른답게 삽시다 : 미운 백 살이 되고 싶지 않은 어른들을 위하여,이시형
나의 반려동물도 나처럼 행복할까,데이비드 미치
어느 날 문득 경제공부를 해야겠다면 : 생존을 위한 최소한의 경제상식 66,"김경민, 김회권, 박혁진"
삶의 무기가 되는 심리학,레온 빈트샤이트
"안녕, 인간",헤나 프라이
땜장이 의사의 국경 없는 도전,김용민
우울하면 좀 어때 : 정신과 전문의 김승기 시인의 자존감 처방전,김승기 
모든 것은 그 자리에,올리버 색스
(김변의 방과 후) 법률사무소 : 그런 법이 어딨냐고 묻고 싶을 때,김민철
도화만발 : 그림 꽃이 활짝 피었습니다.,최석조 지음
우종학 교수의 블랙홀 강의,우종학
"환생 블루스 : 9,995번 환생한 남자의 ‘완벽한 인생을 사는 법’",마이클 푸어 지음 ; 전행선 옮김
작은마음동호회,윤이형 지음
인생의 함정을 피하는 생각습관,웨이슈잉 지음; 이지은 옮김
미래공부,박성원
해마를 찾아서 : 인간의 기억에 대한 모든 것," 윌바 외스트뷔, 힐데 외스트뷔"
상냥한 사람,윤성희
포스트트루스 : 가짜 뉴스와 탈진실의 시대,리 매킨타이어
"러브 인 프렌치 : 미국 여자, 프랑스 남자의 두 언어 로맨스",로런 콜린스 지음 ; 김현희 옮김 
식물학자의 식탁,스쥔
당신은 왜 인간입니까,송은주
나도 그렇게 생각한다 : 공감의 두 얼굴,프리츠 브라이트하우프트 지음 ; 두행숙 옮김 
"(지쳐가는 일, 상처주는 관계, 흔들리는 마음을 위한) 월요일 아침의 심리학",하유진
음식으로 보는 미래 과학,마티 조프슨
아름다움의 진화,리처드 프럼
디어 에번 핸슨,"밸 에미치, 스티븐 레번슨, 벤지 파섹, 저스틴 폴 지음 ; 이은선 옮김"
리케,마이크 비킹 
아마존 vs. 구글 미래 전쟁,강정우
유품정리사,정명섭
세계에서 가장 자극적인 나라,짐 로저스
백살까지 유쾌하게 나이 드는 법,이근후
직장이 없는 시대가 온다,새라 캐슬러
법 앞의 예술 : 예술 뒤 숨겨진 저작권 이야기,조채영
라멘이 과학이라면,가와구치 도모카즈
인류를 구한 12가지 약 이야기,정승규
미루기의 천재들 : 레오나르도 다빈치와 찰스 다윈에서 당신과 나에게로 이어지는 미루기의 역사,앤드루 산텔라 지음 ; 김하현 옮김
소년이로,편혜영
바벨탑 공화국,강준만
위험한 시간 여행,조이스 캐롤 오츠
개와 사람의 행복한 동행을 위한 한 뼘 더 깊은 지식 ,마크 베코프 
나는 매주 시체를 보러 간다 : 서울대학교 최고의 &#039죽음&#039강의,유성호 지음
(명화들이 말해주는) 그림 속 드레스 이야기,이정아 지음
이것은 왜 직업이 아니란 말인가 : 알바노동자의 현재와 미래,박정훈
줄리아나 도쿄,한정현
체리토마토파이,베로니크 드 뷔르 지음 ; 이세진 옮김
미술관에 간 심리학,윤현희
조선의 밥상머리 교육,김미라
북유럽 그림이 건네는 말,최혜진
철학으로 현대음악 읽기,박영욱
나는 감이 아니라 데이터로 말한다,신현호
나에게 더 잘해주고 싶다,정은길
우리 집에 화학자가 산다,김민경
보통 사람들의 전쟁 : 기계와의 일자리 전쟁에 직면한 우리의 선택,앤드루 양 지음 ; 장용원 옮김
(어느 칠레 선생님의) 물리학 산책,안드레스 곰베로프
그래서 좀 쉬라고 호르몬에서 힘을 살짝 빼준 거야,막심 레오 · 요헨 구취
라이딩 인생 : 대치동으로 간 클레어할머니,고선미
위장환경주의,카트린 하르트만
그래도 우리의 나날,시바타 쇼 
퇴근길 클래식 수업,나웅준
제4의 식탁,임재양 지음
왜 세계의 가난은 사라지지 않는가,장 지글러
참모로 산다는 것,신병주
커피 얼룩의 비밀,송현수
"이명현의 과학책방 : 별처럼 시처럼, 과학을 읽다",이명현
단어의 사연들,백우진
송기원의 포스트 게놈 시대 ,송기원 
청년 흙밥 보고서,변진경
당신이 남긴 증오,앤지 토머스 지음 ; 공민희 옮김
내사랑 모드,글: 랜스 울러버 ; 사진: 밥 브룩스 ; 그림: 모드 루이스 ; 번역: 박상현 
실력의 배신,박남기
저마다의 별을 찾아서 : 생텍쥐페리에 관한 인문학 여행,윤혜진
무한을 넘어서,유지니아 쳉
금척-한민족 최고의 비기,김종록
화가는 무엇으로 그리는가,이소영
내가 우울한 건 다 오스트랄로피테쿠스 때문이야,박한선
두 사람의 역사,헬게 헤세
하루 5분의 초록,한수정
끌리는 것들의 비밀,윤정원
아서 씨는 진짜 사랑입니다,엘리자베스 버그
도시를 걷는 시간,김별아
쓸모 인류,"빈센트, 강승민"
브랜드 인문학,김동훈 지음
역사는 식탁에서 이루어진다,"마리옹 고드프루아, 자비에 덱토"
리치 파머 : 한국의 젊은 부자 농부들,"김철수, 김재후, 고은이, 강진규, 홍선표  "
모스크바의 신사,에이모 토울스
초협력사회,피터 터친
"외국어 전파담 : 외국어는 어디에서 어디로, 누구에게 어떻게 전해졌는가 ",로버트 파우저
찻잔 속 물리학,헬렌 체르시키 지음 ; 하인해 옮김
밥상 위에 차려진 역사 한 숟갈,글쓴이: 박현진 ; 그린이: 오현숙
혼자만의 시간이 필요한 이유,나코시 야스후미
"70세 사망법안, 가결",가키야 미우
예술가로 살만합니다 : 우리 동네 예술가들과 작업 이야기,이상진
굿 퀘스천,아와즈 교이치로
시민의물리학,유상균
"실험하는 여자, 영혜",이영혜
과학자가 되는 방법,남궁석
인생 우화,류시화
방구석 미술관,조원재
마이크로트렌드X,"마크 펜, 메러디스 파인만"
도둑의 도시가이드,제프 마노
주문을 틀리는 요리점,오구니 시로
정조처럼 소통하라,정창권
ZOOM 거의 모든 것의 속도,밥 버먼 지음 ; 김종명 옮김
우리가 농부로 살 수 있을까,종합재미상사
(인생을 바꿔 주는) 존스 할아버지의 낡은 여행 가방,앤디 앤드루스 지음 ; 강주헌 옮김
마카로니 프로젝트,김솔
우린 다르게 살기로 했다,조현
"아빠, 이런 여행 어때?",김동옥
과학으로 쓰는 긍정의 미래,랑가 요게슈바어
수영하는 여자들,리비 페이지
"알고리즘, 인생을 계산하다","브라이언 크리스천, 톰 그리피스 지음 ; 이한음 옮김 "
제명공주,이상훈
모모요는 아직 아흔 살,무레 요코
혼자가 좋다,프란치스카 무리
"지금 놀러갑니다, 다른 행성으로","올리비아 코스키, 야나 그르세비치"
실격당한 자들을 위한 변론,김원영
잠깐 머리 좀 식히고 오겠습니다,윤대현
동물의 무기 : 잔인하면서도 아름다운 극한 무기의 생물학,더글러스 엠린
인공지능 시대가 두려운 사람들에게,리처드 왓슨 지음 ; 방진이 옮김
코끼리를 삼킨 사물들 : 보이지 않는 것에 닿는 사물의 철학,함돈균
산수의 감각,조지 셰프너
심심할수록 똑똑해진다 : 멍때림이 만드는 위대한 변화,마누시 조모로디 지음 ; 김유미 옮김
(엄청나게 똑똑하고 아주 가끔 엉뚱한) 뇌 이야기,딘버넷
내 정원의 로봇,데보라 인스톨
너무 재밌어서 잠 못 드는 지구의 과학,신규진
오늘 뭐 먹지?,권여선
슬픈 옥수수,케이틀린 셰털리
뉴런하우스,김정규
나를 부르는 숲,빌 브라이슨
미드 보다 과학에 빠지다,안드레아 젠틸레
뒤통수의 심리학,마리아 코니코바
생명윤리와 법의 이해,박수헌
100세 쇼크,NH투자증권 100세시대연구소
나의 페르시아어 수업,마리암 마지디
시간은 어떻게 돈이 되었는가?,류동민
모서리의 탄생,신주희
무지와 편견의 세계사 : 관용과 광기에 관한 역사적 고찰 ,헨드릭 빌렘 반 룬
기후변화의 심리학,조지 마셜
쉬어도 피곤한 사람들,이시형
일언력,가와카미 데쓰야
책을 지키려는 고양이,나쓰카와 소스케 지음; 이선희 옮김
혼자가 편한 당신에게,이와이 도시노리
김상욱의 양자 공부 : 완전히 새로운 현대 물리학 입문,김상욱
나를 위로하는 글쓰기,셰퍼드 코미나스 지음 ; 임옥희 옮김
"과학,그거 어디에 써먹나요?",원호섭
책 읽다가 이혼할 뻔,"엔조 도, 다나베 세이아"
조선 명저 기행,박영규
하나도 괜찮지 않습니다,오찬호
진 브로디 선생의 전성기,뮤리얼 스파크
동화경제사,최우성
간디의 편지,모한다스 K. 간디
귀소본능,베른트 하인리히
어쨌든 미술은 재밌다,박혜성
새벽까지 희미하게,정미경
침대에서 읽는 과학,이종호
한국인은 왜 이렇게 먹을까? : 식사 방식으로 본 한국 음식문화사,주영하
세 갈래 길,래티샤 콜롱바니
저도 과학은 어렵습니다만,이정모
딸에게 차려주는 식탁,김진영 지음
IMF 키즈의 생애 : 안은별 인터뷰집,안은별
노란 잠수함 : 이재량 장편소설 ,지은이: 이재량 
꿈을 읽다,"김정희, 이호형"
언어 공부,롬브 커토
그 겨울의 일주일,메이브 빈치
이상한 정상가족,김희경
(나를 돌보는 게 서툰 어른을 위한) 애착 수업 ,오카다 다카시
예술의 사생활,노승림
마쉬왕의 딸,카렌 디온느
시간은 왜 흘러가는가,앨런 버딕
고전의 이유,김한식
새들의 천재성,제니퍼 애커먼
정치인의 식탁,차이쯔 창
초고령사회 일본에서 길을 찾다,김웅철
기억은 역사를 어떻게 재현하는가,문화사학회 엮음
똑똑함의 숭배 : 엘리트주의는 어떻게 사회를 실패로 이끄는가 ,크리스토퍼 헤이즈
스피치 세계사,앤드루 버넷
우연의 설계,마크 뷰캐넌 외
모든 것의 기원,데이비드 버코비치
인플레이션,"하노 벡, 우르반 바허, 마르코 헤르만"
구스타프 소나타,로즈 트레마인
서른의 반격,손원평
소비의 역사,설혜심
인간 증발 : 사라진 일본인들을 찾아서 ,레나 모제
잡담의 인문학,"토머스 W. 호지킨슨, 휴버트 반 덴 베르그"
언더그라운드 레일로드,콜슨 화이트헤드(Colson Whitehead)
"그때, 맥주가 있었다",미카 리싸넨 ; 유하 타흐바나이넨
생각한다면 과학자처럼,데이비드 헬펀드
나한테 왜 그래요?,고코로야 진노스케
딸에 대하여,김혜진
고전으로 철학하기,이하준
과학의 위안,강석기
문어의 영혼,사이 몽고메리
식물의 힘,스티븐 리츠
시인 신경림,이경자
4차 산업혁명을 이끌 IT과학이야기,이재영 지음
살아 있는 자를 수선하기,마일리스 드 켈랑갈
날씨가 만든 그날의 세계사,로날트 D.게르슈테 
비밀의 도서관,올리버 티얼
나는 왜 출근만 하면 예민해질까,머리 매킨타이어
뇌에 스위치를 켜다,존 엘더 로비슨
무엇을 먹고 어떻게 분배할 것인가,발렌틴 투른 · 스테판 크로이츠베르거
비,신시아 바넷
오직 두 사람,김영하
우리 집엔 책 읽어주는 엄마가 있단다,한복희
우리의 남극 탐험기,김근우
엄마의 글쓰기,김정은
여행과 독서,잔홍즈
먹는인간 : 식과 생의 숭고함에 관하여 ,헨미 요 지음
우아한 관찰주의자,에이미 E. 허먼
우리는 미래에 조금 먼저 도착했습니다,아누 파르타넨 
"안녕하세요, 시간입니다",슈테판 클라인
"우주에서 살기, 일하기, 생존하기",톰 존스
"인생후반, 어디서 뭐하며 어떻게 살지?","이성동, 김승희"
채소의 인문학,정혜경
빵 와인 초콜릿 ,심란 세티
말의 품격,이기주
우리 옆집에 영국남자가 산다,팀 알퍼
동화 넘어 인문학,조정현
그림자 효과 : 당신 내면에 숨어 있는 힘을 찾으라,"Deepak Chopra, Debbie Ford, Marianne Williamson 공저 "
펭귄의 사생활 ,와타나베 유키
(갈림길에서 듣는) 시골수업,"박승오, 김도윤"
아주 경제적인 하루,박정호
"잠깐 애덤 스미스씨, 저녁은 누가 차려줬어요?",카르리네 마르살
알고리즘 행성 여행자들을 위한 안내서,제바스티안 슈틸러
무심하게 산다,가쿠타 미쓰요
새부리 가면을 쓴 의사와 이발소 의사,쑤상하오
탐보라,길런 다시 우드
하루를 살아도 당당하게,황인희
오브 아프리카,월레 소잉카
당신의 완벽한 1년,샤를로테 루카스
보이지 않는 영향력,조나 버거
의심의 철학,이진우
안나푸르나에서 밀크티를 마시다,정지영
헤어,커트 스텐
수면 밸런스,한진규
발도르프 육아예술 ,이정희
권영민 교수의 문학 콘서트,권영민
"일의 미래 : 무엇이 바뀌고, 무엇이 오는가",선대인
위작의 기술,노아 차니
지금 당신은 어떤 세상에 살고 싶습니까?,"이원재, 황세원"
(위대한 탐험의 숨은 영웅) 톰 크린,마이클 스미스
새는 날아가면서 뒤돌아보지 않는다,류시화
월요일의 문장들,조안나
그가 사망한 이유는 무엇일까,"류위즈, 바이잉위"
37℃의  비밀,우베 칼슈타트
사람을 살리는 웃음,김영식
우리들의 변호사,박준영
"뫼르소, 살인사건",카멜 다우드
세계문학 브런치,정시몬
그림의 맛,최지영
개미와 공작,헬레나 크로닌
지방의 누명,"MBC 스페셜 <지방의 누명> 제작팀, 홍주영 지음"
굿 라이프,마프 롤랜즈
피프티 피플,정세랑
나는 매일 엄마와 밥을 먹는다,정성기
아인슈타인의 주사위와 슈뢰딩거의 고양이,폴 핼펀
미토콘드리아의 기적,김자영
"창의성, 내 아이의 미래에 마법을 부리다",문정화
취향의 탄생,톰 밴더빌트
누가 이슬람을 지배하는가,류광철
가짜 일 VS 진짜 일,"브렌트 피터슨, 게일런 닐슨"
담담하게 걷고 뜨겁게 뛰어라,김동현
없는 사람,최정화
82년생 김지영,조남주
웃음의 가격은 얼마인가,울리히 슈나벨
칼 세이건의 말,지은이: 칼 세이건 ; 엮은이: 톰 헤드
여행 잘하는 사람으로 큰다면,류한경
"공부, 삽질하지 마라!","이은주, 황상민"
워킹 브레인,양은우
공간이 사람을 움직인다 : 마음을 지배하는 공간의 비밀 ,콜린 엘러드
녹,조나단 월드먼
알파하우스를 꿈꾸다,"임창복, 임동우"
잘살지는 못해도 쪽팔리게 살지는 말자,리민
일본인심리상자,유영수
완벽한 인생,이동원
상냥한 폭력의 시대,정이현
코타로와 나,곽지훈
작은 집을 예찬한다,도미니크 로로
(데이비드 버커스) 경영의 이동,데이비드 버커스 지음 ; 장진원 옮김
한 스푼의 시간,구병모
"천천히, 스미는",G.K. 체스터튼 외
세상을 바꾼 100가지 문서,스콧 크리스텐슨
전쟁사에서 건진 별미들,윤덕노
(내 삶을 바꾸는) 공감 : 공감으로 변화하라 ,김지홍
행복한 나라의 조건,마이케 반 덴 붐 지음 ; 장혜경 옮김
폐허에 살다,메릴린 존슨
가능한 최선의 세계,이바르 에클랑
햇빛의 선물,안드레아스 모리츠
그 산 그 사람 그 개,펑젠밍
모나리자 바이러스,티보어 로데
중독 사회,앤 윌슨 섀프
두려움의 재발견 : UCLA 의과대학 25년간의 연구보고서 ,"로버트 마우어, 미셸 기포드 "
맛의 천재,알레산드로 마르초 마뇨
뇌과학자들,샘 킨
"뭐든지, 호르몬!",이토 히로시
요리책 쓰는 선비 술 빚는 사대부,김봉규 
글쓰는 삶을 위한 일 년,수전 티베르기앵
만약은 없다,남궁인
동양인은 모나리자를 보며 무슨 생각을 할까,"크리스틴 카욜, 우훙먀오"
인간 인터넷 : 사물 인터넷을 넘어 인간 인터넷의 시대로 ,마이클 린치 지음 
옥스퍼드는 어떻게 답을 찾는가,오카다 아키토 지음 ; 김정환 옮김
먼지 먹는 개,손솔지
"땡큐, 내 인생의 터닝포인트",강의모
동물에게 배우는 노년의 삶,앤 이니스 대그
기쁨의 정원,조병준
추억에 관한 모든 것,다니엘 레티히
냉장고의 탄생,톰 잭슨
개인은 역사를 바꿀 수 있는가 ,마거릿 맥밀런 
파이브 초이스,"코리 코건, 애덤 메릴, 리나 린 지음 ; 노혜숙 옮김"
틀리지 않는 법,조던 엘렌버그
매혹하는 식물의 뇌,"스테파노 만쿠소, 알레산드라 비올라"
"트라우마여, 안녕",로렌스 곤잘레스
붉은 소파,조영주
이야기 우리 문화,김진섭
영국에서 사흘 프랑스에서 나흘,이안 무어
나는 왜 똑같은 생각만 할까 : 문제의 함정에 빠진 사람들을 위한 창의력 처방 ,데이비드 니븐 
일곱 가지 이야기,가노 도모코
우리는 모두 같은 꿈이 있습니다,윤경일 지음
파리의 열두 풍경,조홍식 지음
회계는 어떻게 역사를 지배해왔는가,제이컵 솔 지음
보석 천 개의 유혹 : 욕망이 만든 뜻밖의 세계사 ,에이자 레이든 지음
홀,편혜영
과학의 망상,루퍼트 셸드레이크
"자동차, 시대의 풍경이 되다",이문석
바람이 전하는 인디언 이야기,찰스 A. 이스트먼 지음
나는 고작 한번 해봤을 뿐이다,김민태 지음
아침식사의 문화사,헤더 안트 앤더슨 
옆집의 나르시시스트,제프리 클루거
심리학으로 읽는 그리스 신화,김상준
원스 어폰 어 타임 인 메트로,카렌 메랑
(금요일에 읽는) 가족의 시,김태훈
위대한 공존,브라이언 페이건  지음
그들을 따라 유럽의 변경을 걸었다,서정
히든 서비스,장정빈 지음
안녕히 주무셨어요? : 잠 잘 자는 사회를 위한 숙면의 과학 ,페터 슈포르크 지음 
(위대하고 찌질한)경제학의 슈퍼스타들,브누아 시마  지음 ; 권지현 옮김
단어 따라 어원 따라 세계 문화 산책 ,"이재명, 정문훈 "
늙는다는 건 우주의 일,조너선 실버타운
글쓰는 여자의 공간,타니아 슐리
나의 요리사 마은숙,김설원
"슬로리딩, 생각을 키우는 힘",EBS Media 기획 ; 정영미 지음
지구의 밥상,구정은?김세훈?손제민?남지원?정대연 지음
평행 우주 속의 소녀,아일린 폴락 지음 ; 한국여성과총 옮김
뉴턴의 시계,에드워드 돌닉
국경의 도서관,황경신
감정의 식탁,게리 웬크
사색이 자본이다,김종원
악의,정해연
마음의 감기,루이제 레더만 지음 ; 박성원 옮김
메모 습관의 힘,신정철 지음
금속전쟁,키스 베로니즈
매일 매일의 진화생물학,롭 브룩스
작가의 창,마테오 페리콜리
정리 습관의 힘,정경자
3분 명화 에세이,이경남
앙 : 단팥 인생 이야기,두리안 스케가와
(기적을 일으키는) 베개의 힘,야마다 슈오리
생각공유,리오르 조레프 지음 ; 박종성 옮김
 오래가는 소통,이경진 
한국사에 감동하다,원유상
책벌레와 메모광,정민
남은 생의 첫날,비르지니 그리말디
잃어버린 본성을 찾아서,스티븐 켈러트 지음 ; 김형근 옮김
오페라 홀릭,이보경
디테일이 강해야 산다,김태흥
임파워링하라,박창규
전자정복,"데릭청, 에릭 브랙 지음 ; 홍성완 옮김"
미각력,스즈키 류이치 
(딸에게 필요한)일곱명의 심리학 친구,이정현
삶은 어떻게 예술이 되는가,김형수
연적,김호연
"한국의 미학 : 서양, 중국, 일본과의 다름을 논하다 ",최광진
유전자는 네가 한 일을 알고있다,네사 캐리
"인간적인, 너무나 인간적인 뇌",리처드 레스택 지음 ; 홍승효 옮김
생각의 융합,김경집
파스타로 맛보는 후룩후룩 이탈리아 역사,이케가미 슌이치 지음
크리에이터 코드,에이미 윌킨슨 지음 ; 김고명 옮김
문학은 노래다,제갈인철
마음에 지지 않는 용기 : 내 영혼이 지치고 힘들 때 나를 지키는 방법 ,김이율 지음 
입 안에 고인 침묵,최윤정
이끌지 말고 따르게 하라 : 새로운 리더십을 위한 지혜의 심리학,김경일 지음 
창조의 탄생,케빈 애슈턴 지음 ; 이은경 옮김
영악한 경제학,이근우
설득하고 싶은가? 스토리로 승부하라,신성진 지음 
알코올의 역사,로드 필립스 지음
언제까지나 내성적으로 살겠다,에비스 요시카즈
플랫폼의 눈으로 세상을 보라,"김기찬, 송창석, 임일"
말순씨는 나를 남편으로 착각한다,최정원
"릴리에게, 할아버지가",앨런 맥팔레인
편견 : 다양한 편견의 양상과 우리가 가진 편견에 대하여 ,아그네스 헬러 
세상을 바꾼 다섯가지 상품 이야기,홍익희
빅데이터 인간을 해석하다,크리스티안 루더
메신저,이남훈 지음
와이저 : 똑똑한 조직은 어떻게 움직이는가,"캐스 R. 선스타인, 리드 헤이스티 지음 ; 이시은 옮김"
잿빛 음모 ,존 그리샴 
"물 : 생명의 근원, 권력의 상징",베로니카 스트랭 지음 ; 하윤숙 옮김
이케아 옷장에 갇힌 인도 고행자의 신기한 여행,로맹 퓌에르톨라
도시에 미학을 입히다,고명석 
행복을 인터뷰하다,김진세
"예스, 앤드 : 까칠한 세상도 유연하게 돌파하는 웃음의 성공학","켈리 레너드, 톰 요튼 지음 ; 박선령 옮김"
꿈꾸는 시인,나태주
나를 대단하다고 하지 마라,해릴린 루소 지음 ; 허형은 옮김 
상상하기 어려운 존재에 관한 책,캐스파 헨더슨
철학 주식회사,샤를 페팽 ; 쥘
장우진의 종횡무진 미술 오디세이 ,장우진
생각은 죽지 않는다,클라이브 톰슨 지음 ; 이경남 옮김
"탄소 문명 : &quot;원소의 왕자&quot;, 역사를 움직인다",사토 겐타로 
세계문학여행 : 소설로 읽는 세계사,김한식
관계 수업,데이비드 번즈
태도에 관하여,임경선
티밍 : 조직이 학습하고 혁신하는 스마트한 방법,"에이미 에드먼드슨 지음 ; 오지연, 임제니퍼 옮김"
검은 수련,미셸 뷔시
지구와 바꾼 휴대폰,"위르겐 로이스, 코지마 다노리처 지음 ; 류동수 옮김"
새의 감각,팀 버케드
카페인 권하는 사회,머리 카펜터 지음 ; 김정은 옮김
음식의 언어,댄 주래프스키
예술가를 꿈꾸는 젊은이에게,백형찬
벌들의 죽음,리사 오도넬
아자젤,아이작 아시모프
"心 스틸러 : 마침내, 마음을 여는 열쇠를 얻다",이현종
마음의 미래,미치오 카쿠 지음 ; 박병철 옮김
시네마 클래식 ,김성현
괴물의 심연,제임스 팰런
철부지 사회,가타다 다마미 지음 ; 오근영 옮김
자전거의 즐거움,로버트 펜
책 대 책,고중숙 외 22인
미주의 인상,김동성 글?그림
한 뼘 인문학,최원석 지음
냉담가계,이상하
행복만을 보았다 ,그레구아르 들라쿠르 
도시의 공원,케이티 머론 엮음 ; 오베르토 질리 사진 ; 오현아 옮김
인정의 시대,문성훈
혼자의 힘으로 가라,조셉 마셜 3세 지음 ; 공민희 옮김
흙의 학교,"기무라 아키노리,이시카와 다쿠지 지음 ;염혜은 옮김"
인간은 언제부터 지루해했을까?,고쿠분 고이치로
중국이 두렵지 않은가,유광종
명화남녀,"이혜정, 한기일 지음"
연인 심청,방민호
"어제가 없는 남자, HM의 기억",수잰 코킨
나는 그곳에서 행복을 만납니다,"홍상만, 주우미, 박산하"
서울은 어떻게 작동하는가,류동민
올어바웃 치즈,무라세 미유키
"오후 세 시, 그곳으로부터",최예선
한복 입은 남자,이상훈
서울건축만담,"차현호, 최준석"
우주의 끝에서 철학하기,마크 롤랜즈
철학 비타민,도마스 아키나리
불편하면 따져봐,최훈
피터 드러커의 인재경영 현실로 리트윗하다,유경철
(반기성교수의)날씨 토크토크,반기성
앨런 튜링,B. 잭 코플랜드
청춘을 달리다,배순탁
빨리 걸을수록 나는 더 작아진다,셰르스티 안네스다테르 스콤스볼
철학은 운명이다,헬렌 S. 정
(죽어라 일만 하는 사람은 절대 모르는) 스마트한 성공들,"마틴 베레가드, 조던 밀른 지음 ; 김인수 옮김"
통과비자,안나 제거스
명함이 있는 노후,김현기 지음
센스 앤 넌센스,"케빈 랠런드, 길리언 브라운 지음 "
스테이트 오브 더 유니언,더글라스 케네디
나는 아직도 사람이 어렵다,"강은호, 김종철 지음"
탐욕의 울타리,박병상 지음
(첨단기술로 본) 3년 후에,이준정 지음
보다,김영하
식물의 인문학,박중환
뉴스의 시대,알랭 드 보통 지음 ; 최민우 옮김
(2030) 기회의 대이동,"최윤식, 김건주 지음"
희망수업,서진규
지붕 : 우주의 문턱,티에리 파코
"세상은, 이렇게 바꾸는 겁니다",폴 파머 지음 ; 조너선 바이겔 엮음
한국사 영화관,김정미 지음
(단숨에 읽는) 에피소드 음악사,크리스티아네 테빙켈 지음
슬로씽킹,칼 오너리 지음 ; 박웅희 옮김
이반 오소킨의 인생 여행,페테르 우스펜스키
날씨로 돈버는 남자,반기성
"신들의 양식, 인간의 욕망 카카오","안드레아 더리, 코마스 쉬퍼"
"미래를 읽는 지식 키워드, 바이오클락","러셀 포스터, 레온 크라이츠먼"
"감성두뇌, 행복한 미래를 결정한다",구로카와 이호코
오늘이 내 인생의 마지막 날이라면 , KBS <생로병사의 비밀>제작팀 
디지털 세상에서 집중하는 법,프란시스 부스 지음 ; 김선민 옮김
논쟁으로 본 조선,이한 지음
스페인은 가우디다,김희곤 지음
프레이저가 빌리를 만났을 때,루이스 부스
느리게 사는 것의 의미,피에르 쌍소
경제학자의 문학살롱,박병률
기적이 일어나기 2초 전,아녜스 르디그
셈을 할 줄 아는 까막눈이 여자,요나스 요나손
(궁궐로 떠나는 힐링여행) 창경궁,이향우 지음
틀 안에서 생각하기,"드루 보이드, 제이컵 골든버그 지음"
공감하는 능력,로먼 크르즈나릭 지음 ; 김병화 옮김
우리는 도시에서 행복한가,찰스 몽고메리
"집, 도시를 만들고 사람을 이어주다","임형남, 노은주 지음"
나는 생각이 너무 많아,크리스텔 프티콜랭 지음
내가 공부하는 이유,사이토 다카시 지음 ; 오근영 옮김
세계를 발칵 뒤집은 판결 31,"L.제러드 케스터, 사이먼 정 "
즐겁지 않으면 인생이 아니다,린 마틴 
여행하듯 랄랄라,황의정
빛의 물리학, EBS 다큐프라임 빛의 물리학 제작팀
사랑은 그렇게 끝나지 않는다,줄리언 반스
아빠는 나무다 ,이태범
7분간의 기적,오세웅
조선과학실록,이성규
영화를 좋아하는 사람이라면 꼭 알아야 할 70가지,주성철
아주 우아한 거짓말의 세계,한화철
과학은 놀이다,최원석
그 무렵 누군가,히가시노 게이고 
아빠라서 다행이다,잭 캔필드 외
당신이 최고의 교사입니다,레이프 에스퀴스
내일의 빛,이스마엘 베아
세상을 바꾼 작은 우연들,마리 노엘 샤를
옛 그림에도 사람이 살고 있네,이일수 지음
어떻게 의욕을 끌어낼 것인가,"하이디 그랜트 할버슨, 토리 하긴스 지음"
독을 품은 식물 이야기,"김원학 , 임경수, 손창환"
살아 있는 것들은 전략이 있다,서광원
(10초 안에 결과를 얻는) 전달의 기술,사사키 케이이치 지음 ; 홍성민 옮김
인생부자들,조우석
루브르에서 중국을 만나다,중국CCTV 다큐멘터리 제작팀 원작 ; 김원동 편저
(영화로 읽는) 서양철학사,이창후
뒤뜰에 골칫거리가 산다,황선미
"쓰레기, 문명의 그림자",카트린 드 실기
"꿀꺽, 한 입의 과학",메리 로치
소설에서 만난 사회학,"조주은, 박한경"
나부터 세상을 바꿀 순 없을까,강수돌
김병완의 초의식 독서법,김병완
정도전과 그의 시대,이덕일 지음
모두에게 사랑받을 필요는 없다,재키 마슨 지음; 정영은 옮김
호박 목걸이,메리 린리 테일러
요리를 욕망하다,마이클 폴란
하이라인 스토리,"조슈아 데이비드, 로버트 해먼드"
세계 최고의 인재들은 왜 기본에 집중할까,도쓰카 다카마사 지음 ; 김대환 옮김
나는 클림트를 보면 베토벤이 들린다,권순훤
생각의 경계,김성호
내일,기욤 뮈소
길 끝에서 길 찾기,이효정
과학의 민중사,클리퍼드 코너 
달팽이 더듬이 위에서 티격태격 와우각상쟁,권오길
겨울 일기,폴 오스터
천국보다 낯선,이장욱
융합하라!,"봅 로드, 레이 벨레즈"
오래된 디자인,박현택 지음
명사들의 졸업사,버락 오바마 외 지음 ; 안지은 옮김
심플러,캐스 선스타인
오색섭생,홍영재
어릴 적 그 책,곽아람
포크를 생각하다,비 윌슨
세상물정의 사회학,노명우
미친발상법,김광희
역사로 남은 조선의 살인과 재판,이번영
학교에서 배웠지만 잘 몰랐던 미술,이명옥
도시와 나,성석제
뒤늦게 발동걸린 인생들의 이야기,김덕영
나무가 청춘이다,고주환
자연에는 이야기가 있다,조홍섭
우리는 차별에 찬성합니다,오찬호 지음
심야 라디오,오가와 히토시 지음; 이용택 옮김
높고 푸른 사다리,공지영
부품사회,피터 카펠리 지음; 김인수 옮김
"설탕, 세계를 바꾸다","지은이: 마크 애론슨, 마리나 부드호스 ; 옮긴이: 설배환"
빅 히스토리 : 한 권으로 읽는 모든 것의 역사,"데이비드 크리스천, 밥 베인 지음 ;조지형 옮김 "
진시황 강의,"지은이: 왕리췬 ;옮긴이: 홍순도, 홍광훈"
소리로 읽는 세상,"배명진, 김명숙"
방언정담,한성우
과학자의 관찰 노트,에드워드 O. 윌슨 외
우리는 어떤 사람에게 끌리는가,미셸 레더먼 지음; 김광수 옮김
도시기획자들,"천호균, 이채관, 이강오, 오형은, 최정한, 김병수, 유다희, 은유"
조르바를 춤추게 하는 글쓰기,이윤기
펭귄과 리바이어던,요차이 벤클러 지음 ; 이현주 옮김
행복의 비밀 : 75년에 걸친 하버드 대학교 인생관찰보고서 ,조지 베일런트 지음
세 번째 집,이경자
(인간이 만든) 빛의 세계사,제인 브록스
깃털,소어 핸슨
식탁 위의 한국사,주영하
"건축가, 빵집에서 온 편지를 받다","나카무라 요시후미, 진 도모노리"
김유신 말의 목을 베다,황윤
원씽(The One Thing),"게리 켈러, 제이 파파산 지음; 구세희 옮김"
정원에서 보내는 시간,헤르만 헤세
내일을 위한 경제학,참사회경제교육연구소 지음 ; 조준현 엮음
사랑은 왜 아픈가 : 사랑의 사회학,에바 일루즈(Eva Illouz)
도서 대 출 중,이경신 
사이언스 소믈리에,강석기
코티솔 조절법,숀 탤보트
빅스톤갭의 작은 책방,웬디 웰치
식사순서혁명,"가지야마 시즈오, 이마이 사에코"
모든 것은 빛난다,"휴버트 드레이퍼스, 숀 켈리"
뇌는 왜 내 편이 아닌가,이케가야 유지
망원동 브라더스,김호연
99℃,호아킴 데 포사다
설득을 이기는 설명의 힘,리 레피버 
빅 데이터가 만드는 세상,"빅토르 마이어 쇤버거, 케네스 쿠키어"
동양화 읽는 법(개정판),조용진
내아이를 위한 인문학,채성남
보고 생각하고 느끼는 우리 명승기행,김학범  
에네르기 팡,박동곤
엄마의 미술관: 내 아이를 위해 엄마가 먼저 읽는 명화이야기,프랑수아즈 바르브 갈
나는 천국을 보았다,이븐 알렉산더
고양이 철학자 루푸스,안드레아스 슐리퍼
배를 엮다,미우라 시온
세상의 끝에서 세상을 말하다,"이충렬, 박봉남, 이성규, 임완호, 이승준, 박환성,"
당신이 알던 모든 경계가 사라진다,조용호
예술이란 무엇인가: 예술의 패러다임을 뒤흔든 11가지 개념,"볼프강 울리히 지음; 조이한, 김정근 옮김"
왕과 아들: 조선시대 왕위 계승사,"강문식, 한명기, 신병주"
(에릭 슈미트) 새로운 디지털 시대,"에릭 슈미트, 제러드 코언"
국경없는 괴짜들,신창범
의사의 반란,신우섭
당신의 출근길은 행복한가요?,김희정
승자의 안목,김봉국
풀빵이 어때서?,김학찬
물총새는 왜 모래밭에 그림을 그릴까,우용태
그렇게밖에 말 못해?,낸시 드레퓌스
끌리는 사람은 분명 따로 있다,임무경
조선을 통하다,이한우
엄마도 힘들어,문경보
김환기 어디서 무엇이 되어 다시 만나랴,이충렬
소금,박범신
최고의 공부,켄 베인
디지털 치매: 머리를 쓰지 않는 똑똑한 바보들,만프레드 슈피처
"로봇 다빈치, 꿈을 설계하다",데니스 홍
아버지와 함께한 마지막 날들,필립 톨레다노
잡스가 워즈워드의 시를 읽는 이유는,조숙경
한국의 아웃라이어들,김영상
굿 컴퍼니,"로리 바시, 에드 프라운헤임, 단 맥무러, 래리 코스텔로"
미각의 지배,존 앨런
오래된 서울,"최종현, 김창희"
나는 죽음을 이야기하는 의사입니다,윤영호
그들은 소리내 울지 않는다,송호근
제국의 탄생과 몰락,김원동 편저 ; CCTV <제국의 흥망성쇠> 제작팀 원작
엄마와 함께한 마지막 북클럽,윌 슈발브 
무엇이 우리를 진화하게 하는가," 스티브 발머, 돈 탭스콧, 김종훈 외"
"불혹, 세상에 혹하지 아니하리라 : 마흔에 다시 읽는 동양고전 에세이 ",신정근
바다맛 기행,김준
낯선 여행길에서 우연히 만난다면,이지상
하루 : 박영택의 마음으로 읽는 그림 에세이,박영택
"광물, 역사를 바꾸다",에릭 샬린
언제나 민생을 염려하노니,이정철
세상을 바꾼 경제학,야자와 사이언스 연구소 
하워드의 선물,"에릭 시노웨이, 메릴 미도우"
화에 대하여 : 고대 스토아철학의 대가 세네카가 들려주는 화에 대한 철학적 사색,루키우스 안나이우스 세네카
내 인생에 용기가 되어준 한마디,정호승
경제학자의 영화관,박병률
아파트 테라피,맥스웰 길링험 라이언
백마탄 왕자들은 왜 그렇게 떠돌아 다닐까: 명작동화에 숨은 역사찾기,박신영
엄마라서 다행이다,"잭 캔필드, 마크 빅터 한센"
내 이름은 욤비,"토나 욤비, 박진숙"
열풍의 한국사회,"구난희, 김왕배, 박형신, 정미량, 정수남, 정준영"
"내가 고양이를 데리고 노는 것일까, 고양이가 나를 데리고 노는 것일까",솔 프램튼
나는 오늘도 유럽에서 클래식을 듣는다,하석배
부모라면 유대인처럼 하브루타로 교육하라,전성수
사람 속 &#039사람&#039 찾기,백현주
지금도 나를 가르치는 아이,황금성
돼지백과,이희훈
권오길의 괴짜 생물 이야기,권오길 
모든 슬픔에는 끝이 있다,로버타 템즈
똑똑한 정보 밥상,클레이 존슨
홍차의 나날들,박서영
왕의 서재 = 王의 書齋,소준섭
그림 속에서 나를 만나다,김선현
도서관 산책자,"강예린, 이치훈"
뉴 그린 컨슈머 가이드,줄리아 헤일즈
세상은 나의 멘토,UNGO 아카데미강사진
협상의 심리학,정인호
엄마를 졸업하다,김영희
이름이 없는 너를 부를 수 없는 나는,김태형
죽음이란 무엇인가,셸리 케이건
그림공부 인생공부,조정육
행복의 경제학,헬레나 노르베리 호지
책읽기 좋은날,이다혜
10대의 비밀 비밀의 10대,"마이클 로이젠, 메맷 오즈, 엘렌 롬"
욕망하는 냉장고,KBS <과학카페> 냉장고 제작팀
고규홍의 한국의 나무특강,고규홍
"마흔, 인문학을 만나라",최효찬
맛있는 위로,이유석
어머니학교,이정록
300번의 A매치,최주영
"식민지 조선의 또 다른 이름, 시네마 천국",김승구
(삶을 일깨우는) 옛이야기의 힘,신동흔
가르친다는 것,월리엄 에어스
소년은 철들지 않는다,이성규
가장 낮은 데서 피는 꽃,"이지성, 김종원"
마지막 한 걸음은 혼자서 가야한다,정진홍
"진정일 교수, 詩에게 과학을 묻다",진정일
노벨상 수상자와 함께한 24일,레오니트 아자로프
사람으로 살고 싶었다,이학준
그리메 그린다,전경일
경제 다반사,웹진《경제 다반사》기획팀
좋은 아버지 수업,임정묵 
느림보 마음,문태준
조선사람의 조선여행,규장각한국학연구원
빅데이터 혁명,권대석
집요한 상상,"최종일 , 김용섭"
"오래된 미래, 전통육아의 비밀","김광호, 조미진"
"서른, 인맥이 필요할 때",김기남
"철학을 권하다 : 삶을 사랑하는 기술 : 삶, 그리고 위태로운 순간들을 위한 철학 ",줄스 에반스
천재들의 학창시절,게르하르트 프라우제
"청춘, 그 이름만으로도 뛴다.",완즈쯔
바로 거기쯤이야 너를 기다리는 곳,테오
청춘착란,박진성
나는 결심하지만 뇌는 비웃는다,데이비드 디살보
너의 마음이 궁금해,박민철
우주 다큐,메리 로치
조선의 리더십을 탐하라,이영관
왜 원하는 대로 살지 않는가,김태관
"당신에게, 여행",최갑수
꿈이 있는 공부는 배신하지 않는다,쇼 야노
거짓말하는 착한 사람들,댄 애리얼리
광장시장 이야기,김종광
음식 여행 끝에서 자유를 얻다,데이나 메이시
살아있는 것은 아프다,토니 버나드
도시락의 시간,아베 나오미
왜 부자들은 모두 신문배달을 했을까,제프리 J. 폭스
세상의 모든 전략은 전쟁에서 탄생했다,임용한
중국인 이야기,김명호
도시엄마를 위한 시골교육법,이원홍
이철수의 웃는마음,이철수
꿈꾸는 카메라,고현주
내가 알고 있는걸 당신도 알게 된다면,칼 필레머
"섬문화 답사기 : 여수, 고흥편",김준
하버드의 세계를 움직이는 수업,"리처드 H.K. 비에토, 나카조 아키코"
아버지를 마지막으로 본 것은 언제입니까?,블레이크 모리슨
반품하고 싶은 직원 리모델링하고 싶은 상사,"함선희, 이명노, 공수정, 이은실, 심소연"
콰이어트,수전 케인
세상에서 가장 아름다운 도서관,자크 보세 글 ; 기욤 드 로비에 사진 
두근두근 자동차 톡!,김우성
수학 시트콤 : 발칙한 상상으로 가득한 17가지 수학,크리스토프 드뢰서 지음 ; 전대호 옮김 ; 이우일 그림
영(嶺) ,김도연
탱고 인 부에노스 아이레스,박종호
내가 말하는 진심 내가 모르는 본심,"매릴린 케이건, 닐 아인번드"
승려와 수수께끼,랜디 코미사
아이의 스트레스,오은영 지음
나무를 만나다,이동혁
황홀극치,나태주
어느날 갑자기 포스트부머가 되었다.,"김형래, 원주련"
세이빙 애덤,조나단 B. 와이트
아프리카에는 아프리카가 없다,윤상욱
소설가의 여행법,함정임
비빔밥 유랑단,비빔밥 유랑단
(인생을 바꾸는) 여행의 힘,채지형
무인도에 떨어져도 음악 ,권오섭
예감은 틀리지 않는다,"지은이: 줄리언 반스, 옮긴이: 최세희"
손탁호텔,이순우
식욕 버리기 연습,마리아 산체스
무엇이 내 인생을 만드는가,알렉스 파타코스
"내나이 마흔, 오륜서에서 길을 찾다",김경준
동물원에서 프렌치 키스하기,최종욱
슬로우,플로리안 오피츠
"학교, 네모의 틀에서 깨어나다",이구남
마음으로 읽고 그림으로 기억하다,김지혁
헤밍웨이와 파리의 아내,"지은이: 폴라 매클레인, 옮긴이: 이은선"
1% 천재들의 과학오디션,주디 더튼
"꿈의 학교, 헬레네 랑에",에냐 리겔
죽기 전에 답해야 할 101가지 질문,"잭 캔필드, 마크 빅터 한센"
언론이 말해 주지 않는 불편한 진실,박종성
"서른, 법과 맞짱뜨다",한정우
"사람이, 아프다",김영미
"생의 마지막 순간, 나는 학생이 되었다",기 코르노
고대 로마인의 24시간,알베르토 안젤라 
은퇴 후 8만 시간,김병숙
가시고백,김려령
고전혁명,"이지성,황광우"
초콜릿의 지구사,"사라 모스, 알렉산더 바데녹"
낯선 땅에 꿈을 심다,"김준우, 최승백, 오승민, 천성우 지음"
단순한 뇌 복잡한 나,이케가야 유지
미치지 못해 미칠 것 같은 젊음,구본형
그들이 세상을 바꾸기 전,에드윈 키스터 주니어
오페라 읽는 즐거움,서정학
신발이 내 몸을 망친다,다니엘 호웰
내 인생 5년 후,하우석
"내 생애 단 한번, 가슴 뛰는 삶을 살아도 좋다",고기복
"멈추면, 비로소 보이는 것들",혜민
당신의 판결은,모리 호노오
서른의 독서,박자숙
가짜 식욕 진짜 식욕,커렌 케이닉
통섭의 식탁,최재천
(세상을 바꾼) 과학 이야기,권기균
다윈 지능,최재천
눈 맞춤의 힘,마이클 엘스버그
지구별 사진관,최창수
어떻게 원하는 것을 얻는가,스튜어트 다이아몬드
앙코르 내 인생,"신동흔, 김수혜, 김미리, 김신영"
말하는 대로 꿈꾸는 대로,이익선
사도세자가 꿈꾼 나라,이덕일
365 땡큐,"존 크랠릭 지음, 차동엽 옮김"
스티브 잡스의 세상을 바꾼 명연설,레오짱;베스트트랜스 지음
동물원을 샀어요,벤저민 미
커피는 원래 쓰다,박우현
10년후 세상,중앙일보 중앙Sunday 미래탐사팀
현자들의 평생공부법,김영수
상처받은 사람들을 위한 관계맺기의 심리학,박대령
군대를 버린 나라,아다치 리키야
이게 다 야구 때문이다,서효인
학교에서 가르쳐주지 않는 세계사 진풍경,이성주
하루 20분 나를 멈추는 시간,샤론 샐즈버그
청춘의 사운드,차우진
부드러운 양상추,"에쿠니 가오리 지음, 김난주 옮김"
너같이 좋은 선물,박 불케리아 지음;윤진호 정리
절대강자,이외수
깨끗한 공기의 불편한 진실,마크 R. 스넬러 지음 ; 박정숙 옮김
기억,"김윤환, 기억제작팀"
엔젤 리더스,이명희
스크린에 숨은 세계사 여행,김익상
라디오 레시피 23,김승월
하루하루가 잔치로세,김영조
전나무와 매,전민희 지음
시골의사의 아름다운 동행,박경철
책은 도끼다,박웅현
인생에서 조금 더 일찍 알았으면 좋았을 것들,"김미경, 박남희, 방은진, 서혜정, 심상정, 오소희, 원수연, 윤석남, 윤원정, 임오경, 지순, 최정화, 한경희, 한유정, 홍지민"
"대만, 어디에있는가",허영섭
거의 모든 것의 탄소발자국,마이크 버너스리 지음 ; 노태복 옮김
"지금, 인생을 라이팅하라",오쿠노 노부유키
(S라인을 꿈꾸는 청춘에게) 내 몸을 찾습니다,몸문화연구소
공간 공감,김종진
화난 원숭이들은 모두 어디로 갔을까?,송인혁 지음
빨간약,이지성
고흐의 집을 아시나요?,최내경
많아지면 달라진다,클레이 셔키 지음 ; 이충호 옮김
명작을 읽을 권리,한윤정 지음
역사에 사랑을 묻다,서지영 
학교란 무엇인가,EBS <학교란 무엇인가> 제작팀
조복성 곤충기,조복성
인생은 속도가 아니라 방향이다,임마누엘 페스트라이쉬
행복이 낯선 당신에게,우베 뵈셰마이어
백설공주는 왜 자꾸 문을 열어줄까,박현희
질문파워,"이태복, 최수연"
(무명화가들의 반란) 민화,정병모
엄마가 꼭 알아야 할 입시교과서,김혜남 ; 조효완
타니아의 작은 집 : 작은 집도 넓게 쓰는 독일식 정리·수납 생활 ,가도쿠라 타니아 지음; 조우리 올김
쿨하게 사과하라,"김호, 정재승"
세 얼간이,"체탄 바갓 글, 정승원 옮김"
나를 지키는 지혜 평상심,안원
내가 아파보기 전에는 절대 몰랐던 것들,안드레아스 잘허
(유홍준의) 국보순례,유홍준
버림의 행복론,야마시타 히데코 지음 ; 박전열 옮김
모래강의 신비,손현철
사람은 홀로 죽는다,시마다 히로미 
안녕 시모키타자와,요시모토 바나나
엄마가 아이를 아프게 한다,문은희
세상에서 가장 이기적인 봉사여행,손보미 지음
세상에서 가장 아름다운 미소,세민얼굴기형돕기회 지음
인생혁명,존 로빈스 지음 ; 김은령 옮김
휴식,매튜 에들런드 지음 ; 이유경 옮김
서른 세 개의 희망을 만나다,"얀 홀츠아펠, 팀 레만, 마티 슈피커 지음"
아는 자와 모르는 자의 한 끗 차이,정보철
밤의 도서관,"알베르토 망구엘 지음, 강주헌 옮김"
당당하게 늙고 싶다,소노 아야코
어얼구나강의 오른쪽,츠쯔졘
특별한 그녀들의 노벨상 Story,샤를로트 케르너
탈무드에서 마크 저커버그까지,김욱
플러그를 뽑으면 지구가 아름답다,후지무라 야스유키
이 또한 지나가리라,김별아 지음
"할 수 있다, 믿는다, 괜찮다.",김주희
"생텍쥐페리, 내 어머니에게 보내는 편지","앙투안 드 생텍쥐페리 지음, 김보경 옮김"
뇌과학 여행자,김종성
평화는 어떻게 시작되는가,틱낫한
왕의 리더십,박기현
세상은 당신의 아이를 원한다,크레이그 킬버거 ; 마크 킬버거 ; 셀리 페이지
옛 그림 보면 옛 생각난다,손철주
모든 것의 가격,에두아르도 포터 지음
(아이를 바꾸려 하지 말고)긍정으로 교감하라,매리 S. 커신카 지음; 이상원 옮김
나를 치유하는 산사기행,승한
도시는 즐거워,장미자 외
팝콘을 먹는 동안 일어 나는 일,김선희
(그림으로 읽는) 한국 근대의 풍경,이충렬
휴식능력 마냐나,"마야 슈토르히, 군터 프랑크 지음"
꿈을 요리하라,장명순
가끔 보는 그가 친구보다 더 중요한 이유,"멜린다 블라우, 캐런 핑거맨 지음"
곡선이 이긴다,"유명만, 고두현"
음악가를 알면 클래식이 들린다.,신동현
돼지가 있는 교실,쿠로다 야스후미
빗물과 당신,"한무영, 강창래"
(고현정의)결,고현정
꽃이 지고나면 잎이 보이듯이 ,이해인
특별한 나라 대한민국,강준만
명작스캔들,장 프랑수아 셰뇨
유쾌한 감옥,오로빈도 고슈
(내 몸을 살리는) 물 백과사전,후지타 고이치로
화내지 않는 연습,코이케 류노스케
나무가 민중이다 : 민초의 삶에 깃든 풀과 나무 이야기,고주환
TGiF 최강 인맥술 : 트위터·구글·아이폰·페이스북 ,최현민
데스노트에 이름을 쓰면 살인죄일까?,"김지룡, 정진욱, 갈릴레오 SNC 지음"
허수아비 일기,"싼마오 지음, 이지영 옮김"
천국은 다른곳에,마르오 바르가스 요사 지음;김현철 옮김
낯선 땅에 홀리다,"김연수, 김중혁, 나희덕, 박성원, 성석제, 신이현, 신현림,       정끝별, 정미경, 함성호, 함정임"
(정신과 전문의 최주연 박사의) 불안 버리기,최주연
꾸뻬씨의 우정여행,프랑수아 클로르
회복탄력성,김주환
"에코라이프 시작하자, 친환경 인생",청강문화산업대학 에코라이프 엮음
아름다움이 나라를 바꾼다,권경복
잡동사니로부터의 자유,브룩스 팔머
"조선의 여성, 역사가 다시 말하다",정해은
미술관에 간 CEO,김창대
소금의 역습,클라우스 오버바일 지음; 배명자 옮김
(정헌배 교수의)술나라 이야기,정헌배 지음
소셜 브레인,  오카다 다카시 지음 ; 정미애 옮김
(상식으로 꼭 알아야 할) 세계의 전설 동양편,아침나무
암은 없다,황성주
괴짜생태학,브라이언 클레그 지음 ; 김승욱 옮김
막걸리 기행,정은숙
"과자, 내 아이를 해치는 달콤한 유혹. 2",안병수 지음
조선팔천,이상각 
인도는 울퉁불퉁하다,정호영
"제인구달, 침팬지와 함께한 50년","제인 구달, 제인 구달 연구소 지음 ; 김옥진 옮김 "
바보 빅터,"호아킴 데 포사다, 레이먼드 조"
한밤중에 초콜릿 먹는 여자들,선안남
시장인가? 정부인가? ,김승욱 등저
당신의 인생을 이모작하라,최재천 지음
"하늘의 지배자 스텔스 : 먼저 보고, 먼저 쏘고, 먼저 떨어뜨린다! ",양욱 지음
내 몸 사용설명서," 마이클 로이젠, 메멧 오즈 지음 ; 유태우 옮김 "
"눈물의 땅, 팔레스타인",김재명
파랑이 진다,미야모토 테루 지음;서혜영 옮김
"그건, 사랑이었네 : 한비야 에세이",한비야
아이의 사생활,EBS 아이의 사생활 제작팀 
(세상 최고의 감동을 주는) 서비스 슈퍼스타 7,"칩 벨, 존 패터슨 "
(안코비치 박사의) 상식 카페,크리스티안 안코비치
실행력 : 당신의 치명적인 약점,토요다 케이이치
너 음악회 가봤니?,류준하
호모 엔젤리너스,이명희
예쁜아이,토리 헤이든
엄마가 사랑해,도리스 클링엔베르그 씀 ; 유혜자 옮김
19분 = nineteen minutes,조디 피콜트 지음 ; 곽영미 옮김
논어산책,한상철
"백두대간 민속기행 1,2",최상일
(조선의 마지막 황녀)덕혜옹주,권비영
내 심장은 멈추지 않는 엔진이다,이준엽
(영화로 만나는) 치유의 심리학,김준기
로스트 심벌 . 1-2,댄 브라운 지음 ; 안종설 옮김
페기 구겐하임 자서전,페기 구겐하임
가슴 뛰는 열정을 부탁해,윌리엄 장
엄마 헌장,권영숙
"인생비타민, 응원",김요한
양육쇼크,포 브론슨; 애쉴리 메리먼 지음; 이주혜 옮김
김연아의 7분 드라마,김연아 글
심리학의 힘 P,전우영
인도네시아 들여다보기,윤문한
윤미네집 마이와이프,전몽각
1984,조지 오웰 지음;김기혁 옮김
어느 게으른 건축가의 디자인 탐험기,천경환
The fashion Bible 이혜영의 패션 바이블 ,이혜영
멀리 가려면 함께 가라,이종선
그들의 무덤은 구름속에,아네트 비비오르카
늦지 않았다,한명석
자린고비 프로젝트,제프 예거
느림과 비움의 미학,장석주
아빠까바르 인도네시아,김상술
8년의 동행,미치 앨봄
마음속의 그림책,이희경
물에 빠진 아이 구하기,피터 싱어
아버지 다산,김상홍
그 개는 무엇을 보았나,말콤 글래드웰 지음; 김태훈 옮김
과학을 훔친 29가지 이야기,하인리히 찬클
"꿈꾸는 20대, 사기에 길을 묻다",사마천
(아이의 인생을 결정하는 100가지 지혜)부모잠언 ,리차드 템플러 지음; 이문희 옮김
한국의 보노보들,안치용 외
로드 넘버 원. 1 - 2,한지훈;윤현호 지음
절박할 때 시작하는 돈관리 비법,데이브 램지
숲과 들을 접시에 담다  : 약이 되는 잡초 음식,변현단 글; 안경자 그림
손끝에 닿은 세상,김형욱
빼앗긴 대지의 꿈,장 지글러 지음; 양영란 옮김
책으로 배우는 아이 vs 온몸으로 깨치는 아이,진주영 지음
허수아비춤,조정래 지음
여우와 토종씨의 행방불명,박경화 글 ; 박순구 그림
조선참모실록,박기현
예술가의 탄생,유경희
(정위 스님의)가벼운 밥상,"정위, 이나래"
아버지의 정원,정석범
인생에도 리허설이 있다,박호근
건축 콘서트,이영수 외 12명
나는 노비로소이다,임상혁
불편해도 괜찮아,김두식
세계 도서관 기행,유종필
잘생긴 녹색물건, 김연희
"살아남은 로마, 비잔틴제국",이노우에 고이치
전원의 쾌락,지은이: 다마무라 도요오 ; 옮긴이: 박승애 
시간에 대한 거의 모든 것들,스튜어트 매크리디 엮음 ; 남경태 옮김
"의사, 인간을 어루만지다",셔윈 B. 눌랜드 지음 ; 조현욱 옮김
내 아이와의 두 번째 만남,"홍진표, 박수빈 [공]저"
경제 홈스쿨링,"홍용철, 조혜경 "
1026,김진명
미안해 고마워 사랑해,신달자
(인간관계의 장벽을 뛰어넘는) 소통 유머,김진배
역사를 바꾼 운명적 만남 : 한국편,함규진
빛으로 그린 그림,배병우
발소리가 큰 아이들,윤병훈
이기적 유전자,"리처드 도킨스 지음 ; 홍영남, 이상임 옮김"
역사에서 리더를 만나다,유필화 지음
인간의 두 얼굴 - 내면의 진실,EBS <인간의 두 얼굴>제작팀
"위대한, 그러나 위험한 진단",리사 샌더스 지음; 장성준 옮김
(살아 숨쉬는) 식물 교과서,오병훈 글.사진
절망 너머 희망으로,니콜라스 크리스토프·셰릴 우던 지음
이덕환의 사이언스 토크토크,이덕환
광고천재 이제석,이제석
"다시, 새롭게 지선아 사랑해",이지선 지음
"심리학, 삼국지를 말하다",김태형
나에게 꽃을 다오 시간이 흘린 눈물을 다오,윤후명 지음
메가트렌드 차이나,"존 나이스비트, 도리스 나이스비트"
옛그림 속 양반의 한평생,허인욱
하루 1달러로 먹고살기,"크리스토퍼 그린슬레이트, 케리 레너드 지음 ; 김난령 옮김"
구글 웨이,리처드 L. 브랜트
누가 꽃들의 입을 틀어막는가,"데이비드 뱃스톤 지음, 나현영 옮김"
이 모든 극적인 순간들 : 윤대녕 산문집,윤대녕 지음
닉 부이치치의 허그,닉 부이치치
화학에서 인생을 배우다,황영애
제대로 노는 물리법칙,이기진
"가족, 당신이 고맙습니다","박완서, 안도현 외"
상상력에 권력을,탁현민 지음
나라서 참 다행이다,크리스토프 앙드레
명화를 결정짓는 다섯 가지 힘,사이토 다카시
바나나 : 세계를 바꾼 과일의 운명,댄 쾨펠 지음 ; 김세진 옮김
옛것에 대한 그리움 ,김종태
돈 한푼 안쓰고 1년 살기,"마크 보일 지음, 정명진 옮김"
천국에서 온 편지,최인호
아버지의 눈물,김정현 지음
뇌내 폭풍,"에릭 마이젤, 앤 마이젤"
할아버지와 함께 걷기,조셉 M. 마셜 3세
천만명의 눈물,이옌 지음 ; 이은희 옮김
프런티어의 조건,피터 드리커
(신나는 가정을 위한) 펀 경영,박기찬 ; 심주현 [공]지음
데일카네기 성공대화론,데일 카네기 지음;강성복:권오열 옮김
(행복을 찾아가는)절집기행,임연태
아프리카의 눈물,마쓰모토 진이치 지음
트렌드 히치하이킹,김용섭
세상에 만만한 인생은 없다,찰스 J. 사이키스
"식객, 팔도를 간다 - 경기편",허영만 지음
세상 모든 것이 공부다,허종숙 ; 이수홍 [공]지음
"당신에게, 러브레터",이동섭
나목,박완서 지음
리딩으로 리드하라,이지성 지음
교실 밖 아이들 책으로 만나다,고정원 지음
은밀한 갤러리,도널드 톰슨
마음을 얻는 기술,레일 라운즈
역사인물 인터뷰,최용범
1만년의 폭발,"그레고리 코크란, 헨리하펜딩"
버리고 시작하라,위르겐 볼프
조선의 서운관,조지프 니덤
못 가본 길이 더 아름답다,박완서 저
월급의 비밀,"손일선, 박유연, 문지웅"
나는 왜 사라지고 있을까,정현천
지상의 위대한 도서관,최정태
원자력의 유혹,심기보
반 고흐의 정원,랄프 스키
지상 최대의 쇼,리처드 도킨스 
위대한 희망,왕가리 마타이 지음; 최재경 옮김
진이의 카페놀이,김효진 글:사진
노견만세,MBC스페셜제작팀 지음 ; 류은경 글 
인저스티스,브라이언 해리스 지음; 이보경 옮김
나무가 숲으로 가는 길,로저 디킨 지음 ; 박중서 옮김
